quadra,par,titulo,nicho,prioridade,reviews,rating,site,telefone,endereco,status,motivo_reprova,revisar_manual,cnpj,porte,mei,gate_mei,place_id,origem_raw,coletado_em
310,310/311,Lojas A Mundial,Loja de artigos domésticos,P1,42,4.5,,,"Asa Norte Comércio Local Norte 310 - Asa Norte, Brasília - DF, 70756-500",REPROVADO,Grande franquia/rede: Lojas Mundial (rede nacional),,,,,PENDENTE - busca reversa nome->CNPJ nao resolvida automaticamente,ChIJdcEKzFY7WpMRHNAd1EdrueE,q310-s0.json,2026-08-10
310,310/311,Refrigeração Querobino,Serviço de conserto de refrigeradores,P1,39,4.2,,(61) 99425-6280,"Asa Norte Comércio Local Norte 310 37 SUBSOLO - Plano Piloto, Brasília - DF, 70756-540",APROVADO,,,,,,PENDENTE - busca reversa nome->CNPJ nao resolvida automaticamente,ChIJPZQq7TA6WpMRhxudc9fdMks,q310-s0.json,2026-08-10
310,310/311,"BIG BOX 310 Asa Norte: Adega, Açougue, Hortifruti, Brasília DF",Supermercado,P2,1068,4.2,https://www.bigboxdelivery.com.br/,(61) 3348-4800,"Asa Norte CLN 310 S/N Loja 10 - Asa Norte, Brasília - DF, 70756-530",REPROVADO,Grande franquia/rede: Big Box (rede DF),,,,,PENDENTE - busca reversa nome->CNPJ nao resolvida automaticamente,ChIJsQtc7TA6WpMRyvYIhOPUuDY,q310-s0.json,2026-08-10
310,310/311,Senhor Smart - Brasília /DF (Asa Norte),Oficina de reparos de celulares,P2,899,4.9,https://senhorsmart.com.br/asanorte/,(61) 98250-3528,"Asa Norte CLN 310, BL B Lj 41 (Térreo - Asa Norte, Brasília - DF, 70756-520",APROVADO,,,,,,PENDENTE - busca reversa nome->CNPJ nao resolvida automaticamente,ChIJddo5JMs5WpMR33j50NMFfQI,q310-s0.json,2026-08-10
310,310/311,RARUS Barbearia e Visagismo em Brasília,Barbearia,P2,663,5,https://app.faroldabarbearia.com.br/agendar/rarusbrasilia,(61) 3536-7900,"Asa Norte CLN 310 Lj 07 - Asa Norte, Brasília - DF, 70756-540",APROVADO,,,,,,PENDENTE - busca reversa nome->CNPJ nao resolvida automaticamente,ChIJX6v8LGM7WpMRBgbdQzVN2hg,q310-s20.json,2026-08-10
310,310/311,Adorne Professional Body Piercing,Loja de body piercing,P2,634,4.9,,(61) 98407-7878,"Asa Norte CLN 310, BL E Sala 214 - Plano Piloto, Brasília - DF, 70756-550",APROVADO,,,,,,PENDENTE - busca reversa nome->CNPJ nao resolvida automaticamente,ChIJRdSltxw7WpMR7FYuZbU5yMU,q310-s0.json,2026-08-10
310,310/311,Kariocas Biquínis e Fitness,Loja de moda feminina,P2,557,5,https://kariocas.com.br/,(61) 99981-3936,"Asa Norte QD 310, BLOCO B Lj 01 TÉRREO - Asa Norte, Brasília - DF, 70756-520",APROVADO,,,,,,PENDENTE - busca reversa nome->CNPJ nao resolvida automaticamente,ChIJ__TFnKszWpMRn0Lk2Q6fGoM,q310-s0.json,2026-08-10
310,310/311,Açaí Puríssimo - 310 Norte,Lanchonete,P2,515,4.6,http://www.acaipurissimo.com.br/,(61) 98366-5768,"CLN 310 - Bloco D - loja 01, SHCN, Brasília - DF, 70756-540",APROVADO,,,,,,PENDENTE - busca reversa nome->CNPJ nao resolvida automaticamente,ChIJEVEjrq47WpMR9s11YunanRk,q310-s20.json,2026-08-10
310,310/311,Senhora BaforadaTabacaria,Tabacaria,P2,507,4.9,http://www.senhorabaforada.com.br/,(61) 3034-5420,"Asa Norte CLN 310 Lj 74 - Asa Norte, Brasília - DF, 70756-530",APROVADO,,,,,,PENDENTE - busca reversa nome->CNPJ nao resolvida automaticamente,ChIJowNnO2s7WpMRmanA-DiEfYQ,q310-s0.json,2026-08-10
310,310/311,Endossa / Bsb Norte,Loja de acessórios de moda,P2,313,4.6,http://www.endossa.com/,(61) 3032-4224,"SCLN 310, Bloco C - Loja 14, a 20 - Asa Norte, Brasília - DF, 70756-530",APROVADO,,,,,,PENDENTE - busca reversa nome->CNPJ nao resolvida automaticamente,ChIJq6q6kjA6WpMRk52evw1g2tA,q310-s0.json,2026-08-10
310,310/311,Perfect Cortinas,Loja de cortinas e persianas,P2,251,5,https://www.perfectcortinas.com.br/,(61) 3034-4949,"Asa Norte Comércio Local Norte 310 BL E Loja 06 - Asa Norte, Brasília - DF, 70756-550",APROVADO,,,,,,PENDENTE - busca reversa nome->CNPJ nao resolvida automaticamente,ChIJUfE1Xnc7WpMRg8ueaBU7w8o,q310-s0.json,2026-08-10
310,310/311,Borracharia Ponto Certo,Borracharia,P2,228,4.9,,(61) 99355-2234,"SHCN CLN 310, BL B QD.310 S/N - Asa Norte, Brasília - DF, 70756-520",APROVADO,,,,,,PENDENTE - busca reversa nome->CNPJ nao resolvida automaticamente,ChIJRYDS_RM7WpMRtBXesuAHr0s,q310-s20.json,2026-08-10
310,310/311,Harmonia Instrumentos Musicais,Loja de Instrumentos Musicais,P2,210,4.5,http://www.harmoniabrasilia.com.br/,(61) 3349-1226,"Asa Norte Comércio Local Norte 310, BL B Lj 29 - Asa Norte, Brasília - DF, 70756-520",APROVADO,,,,,,PENDENTE - busca reversa nome->CNPJ nao resolvida automaticamente,ChIJa9DLAjY6WpMRwxBc07hD6Fg,q310-s20.json,2026-08-10
310,310/311,Cão Mais Gato - Boutique Pet e Veterinária,Veterinário,P2,182,4.8,https://caomaisgato.com.br/,(61) 99607-3200,"Asa Norte CLN 310, bloco D Lj 05 - Asa Norte, Brasília - DF, 70756-540",APROVADO,,,,,,PENDENTE - busca reversa nome->CNPJ nao resolvida automaticamente,ChIJi0rmJkk7WpMRpmdsI--pym0,q310-s20.json,2026-08-10
310,310/311,310 Norte Comércio Local,Centro comercial,P2,155,4.6,,(61) 99219-1688,"Asa Norte Comércio Local Norte 310 - Asa Norte, Brasília - DF, 70756-540",REPROVADO,Nao e empresa (imovel/infraestrutura publica),,,,,PENDENTE - busca reversa nome->CNPJ nao resolvida automaticamente,ChIJAa3QE0s7WpMRNh4L4ViRmf4,q310-s0.json,2026-08-10
310,310/311,Lavou Lavanderia Self Service,Lavanderia,P2,94,4,https://lavoulavanderia.com.br/,(61) 99456-8787,"Asa Norte CLN 310 Lj 17 - Asa Norte, Brasília - DF, 70756-540",APROVADO,,,,,,PENDENTE - busca reversa nome->CNPJ nao resolvida automaticamente,ChIJrQwP6HM7WpMReYugV1kbFxI,q310-s0.json,2026-08-10
310,310/311,Mercadinho Lobão - CLN 310 Norte,Loja de cervejas,P2,56,4.5,http://mercadinholobao.com.br/,,"Asa Norte Comércio Local Norte 310 Bl A Loja 16 - Asa Norte, Brasília - DF, 70756-500",APROVADO,,,,,,PENDENTE - busca reversa nome->CNPJ nao resolvida automaticamente,ChIJy5QocLE7WpMRg81XG8UhRno,q310-s20.json,2026-08-10
310,310/311,Ágata Amaral Centro de Estética - Asa Norte - Brasília,Esteticista,P2,53,4.7,http://www.agataamaral.com.br/,(61) 99584-1994,"Asa Norte CLN 310 Sl 212 - Plano Piloto, Brasília - DF, 70756-520",APROVADO,,,,,,PENDENTE - busca reversa nome->CNPJ nao resolvida automaticamente,ChIJq2D6xhY7WpMRmlg50w-ZoQc,q310-s20.json,2026-08-10
310,310/311,PAULA BORGES,Salão de Beleza,P3,17,4.8,,(61) 3447-3685,"Asa Norte Comércio Local Norte 310, loja 35 - Asa Norte, Brasília - DF, 70756-540",APROVADO,,,,,,PENDENTE - busca reversa nome->CNPJ nao resolvida automaticamente,ChIJ_0JVkDA6WpMRvAAGTqH1HDQ,q310-s20.json,2026-08-10
310,310/311,Óptica M&Z,Ótica,P3,15,5,,(61) 99523-2922,"Asa Norte Comércio Local Norte 310, Quadra Loja 12 - Asa Norte, Brasília - DF, 70757-540",APROVADO,,,,,,PENDENTE - busca reversa nome->CNPJ nao resolvida automaticamente,ChIJZXQBRkQ7WpMRhy09HW5uPnE,q311-s0.json,2026-08-10
310,310/311,Livic Coworking,Espaço de coworking,P3,13,4.9,http://www.livic.com.br/,(61) 99916-2462,"Asa Norte CLN 310 Sl 216 - Plano Piloto, Brasília - DF, 70756-530",APROVADO,,,,,,PENDENTE - busca reversa nome->CNPJ nao resolvida automaticamente,ChIJWfmWqWw7WpMRYhUjkc2-PG0,q310-s20.json,2026-08-10
310,310/311,Mega Abusada Modas,Loja de moda feminina,P3,13,5,http://www.megaabusada.com.br/,(61) 99353-4659,"SHCN CLN 310 Sl 205 - Asa Norte, Brasília - DF, 70756-520",APROVADO,,,,,,PENDENTE - busca reversa nome->CNPJ nao resolvida automaticamente,ChIJ2UYGErc7WpMRP9ACLfbMTSs,q310-s20.json,2026-08-10
310,310/311,SPA Ágata Amaral - Asa Norte,Spa,P3,10,5,https://www.agataamaralspa.com.br/,(61) 99173-7452,"Asa Norte CLN 310, Bloco B Lj 5 - Asa Norte, Brasília - DF, 70756-520",APROVADO,,,,,,PENDENTE - busca reversa nome->CNPJ nao resolvida automaticamente,ChIJC4cTpnc7WpMRa_SKvKhL6Ek,q310-s20.json,2026-08-10
310,310/311,Cor & Flor,Loja de moda feminina,P3,6,4.5,https://www.modacoreflor.com.br/,(61) 99921-9841,"Asa Norte Comércio Local Norte 310 Bl D Loja 37 - Asa Norte, Brasília - DF, 70756-540",APROVADO,,,,,,PENDENTE - busca reversa nome->CNPJ nao resolvida automaticamente,ChIJU624LFA7WpMRtHW-8n61XxQ,q310-s0.json,2026-08-10
310,310/311,Natura 310 Asa Norte,Loja de cosmético,P3,3,5,https://www.natura.com.br/nossas-lojas,(61) 99670-4239,"Asa Norte Comércio Local Norte 310 E, LOJA 16 e 20 - Asa Norte, Brasília - DF, 70756-500",REPROVADO,Grande franquia/rede: Natura (loja de marca),,,,,PENDENTE - busca reversa nome->CNPJ nao resolvida automaticamente,ChIJKXubQZU5WpMRbcpYcVpSMO4,q310-s0.json,2026-08-10
310,310/311,bLOw - Asa Norte | Brasília,Salão de Beleza,P3,1,5,,(61) 99500-0626,"Asa Norte Comércio Local Norte 310 Lj 8 - Asa Norte, Brasília - DF, 70756-530",APROVADO,,,,,,PENDENTE - busca reversa nome->CNPJ nao resolvida automaticamente,ChIJp-fX7Cs7WpMRCKHaFnyDR2Q,q310-s0.json,2026-08-10
310,310/311,Hiper Clean Brasília,Lavanderia,P3,1,4,,(61) 3254-4692,"SHCN CLN 310 - Asa Norte, Brasília - DF, 70655-775",APROVADO,,,,,,PENDENTE - busca reversa nome->CNPJ nao resolvida automaticamente,ChIJPZxILTc6WpMRl1LedqBDYIg,q310-s0.json,2026-08-10
310,310/311,Edifício Center Norte,Apartamentos,P3,1,5,,,"SHCN CLN 310 Entrada 49 - Asa Norte, Brasília - DF, 70756-540",REPROVADO,Nao e empresa (imovel/infraestrutura publica),,,,,PENDENTE - busca reversa nome->CNPJ nao resolvida automaticamente,ChIJEYxGLgA7WpMRtmx68XCmTPU,q310-s0.json,2026-08-10
311,310/311,VIA FLORA,Loja de moda feminina,P1,37,4.7,http://www.lojasviaflora.com.br/,(61) 3256-7129,"BL B, Comércio Local Norte, 311 - Loja 14 - Asa Norte, Brasília - DF, 70757-520",APROVADO,,,,,,PENDENTE - busca reversa nome->CNPJ nao resolvida automaticamente,ChIJBaSPtlMuWpMRkYg5c5nADpY,q311-s0.json,2026-08-10
311,310/311,Bijoux Mix,Joalheria especializada em itens personalizados,P1,29,4.5,,3963-3921,"SHCN Comércio Local Norte 311 - Plano Piloto, Brasília - DF, 70757-500",APROVADO,,,,,,PENDENTE - busca reversa nome->CNPJ nao resolvida automaticamente,ChIJGRCaizA6WpMR2JQUfrdvjAQ,q311-s0.json,2026-08-10
311,310/311,S.O.S Makeup - Loja de Maquiagem,Loja de produtos de beleza,P1,26,4.5,,(61) 98202-9506,"Asa Norte CLN 311 Lj 18 - Asa Norte, Brasília - DF, 70757-530",APROVADO,,,,,,PENDENTE - busca reversa nome->CNPJ nao resolvida automaticamente,ChIJ3_MgRXU7WpMRY-TOXMYCzp4,q311-s0.json,2026-08-10
311,310/311,Açaí Artesanal - 311 Norte,Loja de açaí,P2,733,4.5,http://acaiartesanal.com.br/,(61) 3037-2955,"Asa Norte CLN 311, BL E Lj 60 - Asa Norte, Brasília - DF, 70757-550",APROVADO,,,,,,PENDENTE - busca reversa nome->CNPJ nao resolvida automaticamente,ChIJ7V8igTA6WpMRKJaFO4j_LeA,q311-s20.json,2026-08-10
311,310/311,Açaí Amazônia,Loja,P2,429,4.3,http://acaiamazonia.com/novo/?page_id=4022,(61) 99966-7089,"SHCN CLN 311 - Asa Norte, Brasília - DF, 70757-520",APROVADO,,,,,,PENDENTE - busca reversa nome->CNPJ nao resolvida automaticamente,ChIJn96wWDA6WpMRwwcit8qrr3Q,q311-s0.json,2026-08-10
311,310/311,Açaí Official 311 norte,Loja de açaí,P2,269,4.8,https://franquias.acaiofficial.com.br/,(61) 98286-5753,"SHCN CLN 311 - Asa Norte, Brasília - DF, 70757-540",APROVADO,,,,,,PENDENTE - busca reversa nome->CNPJ nao resolvida automaticamente,ChIJTUrN_BQ7WpMRyDYtfFH7R88,q311-s0.json,2026-08-10
311,310/311,Cristal Fit,Academia,P2,256,4.6,https://www.academiacristalfit.com.br/,(61) 99247-1175,"Asa Norte Comércio Local Norte 311 Bl E - Asa Norte, Brasília - DF, 70757-550",APROVADO,,,,,,PENDENTE - busca reversa nome->CNPJ nao resolvida automaticamente,ChIJS_pFgTA6WpMRbFj8G2-ejj8,q311-s20.json,2026-08-10
311,310/311,Posto Verde Amarelo,Posto de combustível,P2,254,4,http://www.br.com.br/,(61) 3462-3607,"SHCN Superquadra Norte 311 - Asa Norte, Brasília - DF, 70757-500",APROVADO,,Posto de combustível - revendedor costuma ser dono local,,,,PENDENTE - busca reversa nome->CNPJ nao resolvida automaticamente,ChIJ1-qTRDA6WpMRw5puD5I82VQ,q311-s0.json,2026-08-10
311,310/311,Farmácia Pague Menos,Farmácia,P2,227,3.3,https://www.paguemenos.com.br/?utm_source=google&utm_medium=website&utm_campaign=youmap,4002-8282,"SHCN CL QD 311 BLOCO A 72, Asa Norte, Brasília - DF, 70757-510",REPROVADO,Grande franquia/rede: Pague Menos (rede nacional),,,,,PENDENTE - busca reversa nome->CNPJ nao resolvida automaticamente,ChIJq6rq9zA6WpMRLHj1mEn706Y,q311-s0.json,2026-08-10
311,310/311,Fazendola - Cozinha e Bar,Restaurante,P2,177,4,https://mechamenozap.com.br/fazendolacozinhaebar/,(61) 99204-8876,"SHCN CLN 311, BL D - Asa Norte, Brasília - DF, 70757-540",APROVADO,,,,,,PENDENTE - busca reversa nome->CNPJ nao resolvida automaticamente,ChIJgZnA48E7WpMRcQdfpyNGwms,q311-s20.json,2026-08-10
311,310/311,"DL Assistência Técnica - Conserto de Fogão,Microondas, Forno, TV, Geladeira, Lava e seca, Adega",Assistência técnica de eletrodomésticos,P2,148,4.7,,(61) 99977-0889,"SHCN CLN 311 Bloco D , loja 36 - Plano Piloto, Brasília - DF, 70757-540",APROVADO,,,,,,PENDENTE - busca reversa nome->CNPJ nao resolvida automaticamente,ChIJ2WUoIwA7WpMRdoRfbVW7RHQ,q311-s20.json,2026-08-10
311,310/311,Alfaitaria por Eduardo Ferreira,Alfaiate,P2,144,4.9,,(61) 98107-1994,"Asa Norte CLN 311, BL B ss 04 - Asa Norte, Brasília - DF, 70757-520",APROVADO,,,,,,PENDENTE - busca reversa nome->CNPJ nao resolvida automaticamente,ChIJ6_OkpMM7WpMRuy0lzwcgKvs,q311-s20.json,2026-08-10
311,310/311,Bijou Arte - acessórios e peças para montagem de bijouterias,Loja de acessórios de moda,P2,140,4.4,https://bijouarte.wixsite.com/bijouarte,(61) 3347-3670,"Asa Norte CLN 311 Lj 18 - Asa Norte, Brasília - DF, 70757-520",APROVADO,,,,,,PENDENTE - busca reversa nome->CNPJ nao resolvida automaticamente,ChIJa9DLAjY6WpMRWqIdFfDFjQI,q311-s20.json,2026-08-10
311,310/311,"Renova Calçados Consertos Sapatos, Bolsas e Malas - Sapateiro",Oficina de conserto de botas,P2,105,3.9,,(61) 98200-6985,"Asa Norte Comércio Local Norte 311 - Plano Piloto, Brasília - DF, 70757-530",APROVADO,,,,,,PENDENTE - busca reversa nome->CNPJ nao resolvida automaticamente,ChIJkzZnB-Y6WpMRCHs-uVCuVXA,q311-s0.json,2026-08-10
311,310/311,Restaurante Dom De Minas,Restaurante self-service,P2,99,4,,(61) 99890-7574,"Asa Norte CLN 311, BL B Lj 62 - Asa Norte, Brasília - DF, 70713-000",APROVADO,,,,,,PENDENTE - busca reversa nome->CNPJ nao resolvida automaticamente,ChIJ4TK89DA6WpMRGRrYPx0afCs,q311-s20.json,2026-08-10
311,310/311,PAPELARIA ARTE E CIA,Papelaria,P2,92,4.5,https://wa.me/556132740044,(61) 3274-0044,"Asa Norte Comércio Local Norte 311 LOJAS 12/14 TÉRREO - Asa Norte, Brasília - DF, 70757-530",APROVADO,,,,,,PENDENTE - busca reversa nome->CNPJ nao resolvida automaticamente,ChIJ1UJ1jjA6WpMRSsKErawIzjA,q311-s0.json,2026-08-10
311,310/311,Telvox Tecnologia Eletrônica Eireli,Loja de eletrônicos,P2,82,4.6,,(61) 3447-1905,"Asa Norte Comércio Local Norte 311 LOJA 08 - Asa Norte, Brasília - DF, 70757-520",APROVADO,,,,,,PENDENTE - busca reversa nome->CNPJ nao resolvida automaticamente,ChIJzVTV6t8yWpMR1Bl8HtMV7H8,q311-s0.json,2026-08-10
311,310/311,Drogasil,Farmácia,P2,57,3.9,,(61) 99698-6289,"Asa Norte CLN 311 Terreo, Loja S 02,06,10,12,16,20 E 72 - Asa Norte, Brasília - DF, 70757-550",REPROVADO,Grande franquia/rede: Drogasil (rede nacional),,,,,PENDENTE - busca reversa nome->CNPJ nao resolvida automaticamente,ChIJVVWVhjA6WpMRs2CAgCFYOn4,q311-s0.json,2026-08-10
311,310/311,Lavamais Lavanderia - Asa Norte - 311 Norte,Lavanderia,P2,55,4.6,,(61) 3033-3295,"Asa Norte Comércio Local Norte 311 Lj 02 - Asa Norte, Brasília - DF, 70757-530",APROVADO,,,,,,PENDENTE - busca reversa nome->CNPJ nao resolvida automaticamente,ChIJVVVFijA6WpMRM46W5FLU4xI,q310-s20.json,2026-08-10
311,310/311,Ateliê Antônia Vieira,Costureira,P3,17,4.5,,(61) 99524-9428,"CLN 311 Bloco B Subsolo Loja 37, Asa Norte, Brasília - DF, 70360-530",APROVADO,,,,,,PENDENTE - busca reversa nome->CNPJ nao resolvida automaticamente,ChIJX-ZENHc7WpMRq-vVjek_FLA,q311-s20.json,2026-08-10
311,310/311,Flower Moda Fitness,Loja de moda feminina,P3,6,5,https://yzeedigital.com.br/flower-modas,(61) 99657-3040,"Asa Norte CLN 311 Lj 70 - Asa Norte, Brasília - DF, 70757-550",APROVADO,,,,,,PENDENTE - busca reversa nome->CNPJ nao resolvida automaticamente,ChIJn0shgTA6WpMRVhyqW5PL9Z0,q311-s20.json,2026-08-10
311,310/311,STUDIO RAY | Cabelo e Maquiagem,Salão de Beleza,P3,2,4.5,,(61) 99314-1305,"Asa Norte CLN 311, BL D Lj 32 - Asa Norte, Brasília - DF, 70757-540",APROVADO,,,,,,PENDENTE - busca reversa nome->CNPJ nao resolvida automaticamente,ChIJlZsELHo7WpMRotIFNmThIXg,q311-s20.json,2026-08-10
311,310/311,Stillo10 - 311 Norte,Loja de Roupa,P3,1,5,https://www.instagram.com/stillo10/,(61) 99332-4700,"Asa Norte CLN 311 Lj 40 - Plano Piloto, Brasília - DF, 70757-550",APROVADO,,,,,,PENDENTE - busca reversa nome->CNPJ nao resolvida automaticamente,ChIJLTklDBo7WpMRr7uBidKYJTs,q311-s0.json,2026-08-10
311,310/311,Flats Asa Norte 311 Bloco C,Apartamento para férias,P3,1,5,,(61) 99851-4848,"Asa Norte Comércio Local Norte 311 - Asa Norte, Brasília - DF, 70757-530",REPROVADO,Nao e empresa (imovel/infraestrutura publica),,,,,PENDENTE - busca reversa nome->CNPJ nao resolvida automaticamente,ChIJIy6vizA6WpMRbSthaoMIXNo,q311-s20.json,2026-08-10
311,310/311,Flat Asa Norte CLN 311 Bloco B,Casa,P3,0,,https://www.freecancellations.com/search/F2gnRgcBGXdRWFcBWV0FFw0MVx43TFJB?lat=-15.75624&lng=-47.89106&language=de,,"Asa Norte Comércio Local Norte 311 - Asa Norte, Brasília - DF, 70757-500",REPROVADO,Nao e empresa (imovel/infraestrutura publica),,,,,PENDENTE - busca reversa nome->CNPJ nao resolvida automaticamente,ChIJr6yqizA6WpMR-DS6uNlAc0M,q311-s0.json,2026-08-10
311,310/311,Flat Asa Norte CLN 311 - Bloco B - Apartment,Casa,P3,0,,https://br.bluepillow.com/search/67a1fbef5a2dfa15b1800f6d?dest=bkng&cat=House&lat=-15.75624&lng=-47.89107&language=pt,,"Asa Norte Comércio Local Norte 311 - Asa Norte, Brasília - DF, 70757-500",REPROVADO,Nao e empresa (imovel/infraestrutura publica),,,,,PENDENTE - busca reversa nome->CNPJ nao resolvida automaticamente,ChIJ81NVijA6WpMRQ4b1h11BCHA,q311-s0.json,2026-08-10
311,310/311,CLN 311 Bloco D,Apartamentos,P3,0,,,,"SHCN CLN 311, BL D - Plano Piloto, Brasília - DF, 70757-500",REPROVADO,Nao e empresa (imovel/infraestrutura publica),,,,,PENDENTE - busca reversa nome->CNPJ nao resolvida automaticamente,ChIJG4w4KAA7WpMRtC39rjAwLrk,q311-s20.json,2026-08-10
312,312/313,Drogasil,Farmácia,P1,49,3.5,,(61) 99820-0336,"Asa Norte CLN 312, BL C Lj 03 Terreo - Asa Norte, Brasília - DF, 70765-530",REPROVADO,Grande franquia/rede: Drogasil (rede nacional),,,,,PENDENTE - busca reversa nome->CNPJ nao resolvida automaticamente,ChIJqUue8107WpMRyWPz0Qjqo5U,q312-s0.json,2026-08-10
312,312/313,Usadão Brasília Brechó,Brechó,P1,48,4.5,,(61) 98582-8638,"Asa Norte CLN 312 Lj 23 - Asa Norte, Brasília - DF, 70765-530",APROVADO,,,,,,PENDENTE - busca reversa nome->CNPJ nao resolvida automaticamente,ChIJAQAw7CU6WpMRFvjOUq6tXgw,q312-s0.json,2026-08-10
312,312/313,Só Frango,Açougue,P1,41,4.5,,(61) 3272-2147,"Asa Norte Comércio Local Norte 312, BL C Lj 13 - Asa Norte, Brasília - DF, 70765-530",APROVADO,,,,,,PENDENTE - busca reversa nome->CNPJ nao resolvida automaticamente,ChIJUWpbmC06WpMROTfoDwQCyd4,q312-s0.json,2026-08-10
312,312/313,Dolci Infanti - Brechó Infantil,Loja de Roupa,P1,31,5,http://dolciinfanti.com.br/,(61) 99425-6786,"Asa Norte CLN 312, BL D Lj 55 - Asa Norte, Brasília - DF, 70765-540",APROVADO,,,,,,PENDENTE - busca reversa nome->CNPJ nao resolvida automaticamente,ChIJhU1HfX8yWpMRDjwbQqSOcd4,q312-s20.json,2026-08-10
312,312/313,Frutaria 312 Norte,Mercado,P1,30,4.3,,(61) 3710-3333,"SHCN CLN 312, BL D - Plano Piloto, Brasília - DF, 70765-500",APROVADO,,,,,,PENDENTE - busca reversa nome->CNPJ nao resolvida automaticamente,ChIJC38tHCk7WpMRligpYW7ipiA,q312-s0.json,2026-08-10
312,312/313,Drogaria Fátima,Farmácia,P1,28,4.5,,(61) 3447-4000,"Asa Norte CLN 312 Lj 23 - Asa Norte, Brasília - DF, 70765-520",APROVADO,,,,,,PENDENTE - busca reversa nome->CNPJ nao resolvida automaticamente,ChIJx2qF_E47WpMRx4fBGKCTYvI,q312-s20.json,2026-08-10
312,312/313,Lígia Dantas Salão e Estética,Salão de Beleza,P1,25,4.8,,(61) 3349-3321,"Asa Norte Comércio Local Norte 312, BL E 312 Lj 61 - Asa Norte, Brasília - DF, 70765-550",APROVADO,,,,,,PENDENTE - busca reversa nome->CNPJ nao resolvida automaticamente,ChIJZ4umQfE7WpMRjsBNgh_nDJg,q312-s20.json,2026-08-10
312,312/313,Salão de Beleza Studio Visual - Asa Norte,Salão de Beleza,P1,21,4.9,https://www.instagram.com/studiovisualbsb,(61) 98153-0260,"SHCN SQN 312 - Asa Norte, Brasília - DF, 70765-540",APROVADO,,,,,,PENDENTE - busca reversa nome->CNPJ nao resolvida automaticamente,ChIJH4ntIwM7WpMRdBk6hIXaoV8,q312-s20.json,2026-08-10
312,312/313,Restaurante Cozinha das Minas,Restaurante Mineiro,P2,1182,4.5,https://pt-br.facebook.com/pages/Cozinha-das-Minas/127079464033716,(61) 3349-0001,"SHCN CLN 312, BL B Lj 29 - Asa Norte, Brasília - DF, 70765-520",APROVADO,,,,,,PENDENTE - busca reversa nome->CNPJ nao resolvida automaticamente,ChIJMSyELoo5WpMR5iFwfi3ZEG0,q312-s0.json,2026-08-10
312,312/313,Açougue T-Bone,Açougue,P2,756,4.9,http://www.t-bone.com.br/,(61) 98370-3338,"Asa Norte Comércio Local Norte 312 Lj 27 - Asa Norte, Brasília - DF, 70765-520",APROVADO,,,,,,PENDENTE - busca reversa nome->CNPJ nao resolvida automaticamente,ChIJkbyM8CU6WpMRNisELpJz-S0,q312-s0.json,2026-08-10
312,312/313,Verdivas,Floricultura,P2,94,4.8,https://floriculturaverdivas.com.br/,(61) 99817-4651,"Asa Norte CLN 312, BL A Lj 8 - Plano Piloto, Brasília - DF, 70765-510",APROVADO,,,,,,PENDENTE - busca reversa nome->CNPJ nao resolvida automaticamente,ChIJqYKuXb87WpMRc_Npk1EXsoU,q312-s0.json,2026-08-10
312,312/313,Estúdio de beleza Jô - 312 norte,Salão de Beleza,P2,83,4.9,,(61) 99117-8098,"SHCN CLN 312, BL D - Plano Piloto, Brasília - DF, 70765-530",APROVADO,,,,,,PENDENTE - busca reversa nome->CNPJ nao resolvida automaticamente,ChIJWSBgUTE7WpMRFc1RUZQiuCk,q312-s0.json,2026-08-10
312,312/313,Atual Utilidades - Elétrica - Hidráulica - Ferragens - Asa Norte,Loja de artigos domésticos,P2,80,4.7,http://instagram.com/atualutilidades,(61) 3340-3999,"Asa Norte Comércio Local Norte 312 Lj 02/64 - Asa Norte, Brasília - DF, 70765-510",APROVADO,,,,,,PENDENTE - busca reversa nome->CNPJ nao resolvida automaticamente,ChIJAeEs9iU6WpMRSkJqZwp2SvA,q310-s20.json,2026-08-10
312,312/313,Thois Barbearia,Barbearia,P2,60,4.3,http://www.instagram.com/thoisbarbearia,(61) 3347-6724,"loja 45, Cln 312 norte, Brasília - DF, 70765-540",APROVADO,,,,,,PENDENTE - busca reversa nome->CNPJ nao resolvida automaticamente,ChIJGTAZ6iU6WpMR-EeoeAYWmhU,q312-s20.json,2026-08-10
312,312/313,Lavanderia Alv Clean,Lavanderia,P2,58,4.8,https://sites.google.com/view/alvclean/p%C3%A1gina-inicial,(61) 3032-3113,"Asa Norte CLN 312 Lj 12 - Asa Norte, Brasília - DF, 70765-510",APROVADO,,,,,,PENDENTE - busca reversa nome->CNPJ nao resolvida automaticamente,ChIJOfpV9iU6WpMRQqGUOgZ48DA,q312-s0.json,2026-08-10
312,312/313,Relojoeiro - Subsolo,Relojoaria,P3,19,3.9,,,"SHCN CLN 312 - Plano Piloto, Brasília - DF, 70765-500",APROVADO,,,,,,PENDENTE - busca reversa nome->CNPJ nao resolvida automaticamente,ChIJb5JCfgA7WpMREuu6vflAkzk,q312-s0.json,2026-08-10
312,312/313,Ponto de Táxi 312,Ponto de táxi,P3,12,4.3,,(61) 3272-4455,"SHCN SQN 312 - Asa Norte, Brasília - DF, 70765-000",REPROVADO,Nao e empresa (imovel/infraestrutura publica),,,,,PENDENTE - busca reversa nome->CNPJ nao resolvida automaticamente,ChIJgzoFfCU6WpMRrWPA5VB9lNc,q312-s20.json,2026-08-10
312,312/313,SQN 312 Bloco G,Complexo de condomínio,P3,11,4.4,http://blocog312.blogspot.com/,,"SHCN SQN 312, BL G - Asa Norte, Brasília - DF, 70765-070",REPROVADO,Nao e empresa (imovel/infraestrutura publica),,,,,PENDENTE - busca reversa nome->CNPJ nao resolvida automaticamente,ChIJ3zvPhug7WpMR0AjVbXBO2J4,q312-s20.json,2026-08-10
312,312/313,Lavanderia D Lav,Lavanderia,P3,9,4,,(61) 3347-7063,"SHCN Comércio Local Norte 312 - Plano Piloto, Brasília - DF, 70765-550",APROVADO,,,,,,PENDENTE - busca reversa nome->CNPJ nao resolvida automaticamente,ChIJb88vwSU6WpMRPRSfYElzp2w,q312-s0.json,2026-08-10
312,312/313,Arena 312,Bar,P3,9,4.2,,(61) 98123-4882,"Asa Norte CLN 312, BL A Lj 16 - Asa Norte, Brasília - DF, 70765-510",APROVADO,,,,,,PENDENTE - busca reversa nome->CNPJ nao resolvida automaticamente,ChIJ9UnDqjE7WpMRds1GTXOjjUI,q312-s20.json,2026-08-10
312,312/313,SebBrastol Conserto de Geladeira Asa norte,Serviço de conserto de refrigeradores,P3,1,5,,(61) 99567-3006,"Asa Norte CLN 312, bloco d loja 46 - Asa Norte, Brasília - DF, 70765-040",APROVADO,,,,,,PENDENTE - busca reversa nome->CNPJ nao resolvida automaticamente,ChIJ9ZzHEsE7WpMRZoVR_DvacaQ,q312-s0.json,2026-08-10
312,312/313,NORTE PROTEÇÕES Brasília DF,Serviço de segurança,P3,0,,https://www.catalogo-digital.com/norteprotecoes,(61) 98377-6513,"Asa Norte CLN 312, BL A - Asa Norte, Brasília - DF, 70070-600",APROVADO,,,,,,PENDENTE - busca reversa nome->CNPJ nao resolvida automaticamente,ChIJ4TKgNYA7WpMRjs7Wdm1EZbU,q312-s20.json,2026-08-10
313,312/313,Lavaggio Lavanderia - 313 Norte,Lavanderia,P1,38,4.3,,(61) 3034-7431,"Asa Norte CLN 313 Lj 04 - Asa Norte, Brasília - DF, 70766-510",APROVADO,,,,,,PENDENTE - busca reversa nome->CNPJ nao resolvida automaticamente,ChIJM7RKlpU7WpMRyjaQbEfWsSA,q313-s0.json,2026-08-10
313,312/313,Multi Assistência Técnica Eletrônica - Asa Norte,Serviço de conserto de televisores,P1,35,4.8,https://multiassistenciatec.com.br/,(61) 98498-2127,"Asa Norte CLN 313, BL C Lj 46b - Asa Norte, Brasília - DF, 70766-530",APROVADO,,,,,,PENDENTE - busca reversa nome->CNPJ nao resolvida automaticamente,ChIJJeFlFu07WpMRchK7GYQ93Hw,q312-s0.json,2026-08-10
313,312/313,Superchance,Casa lotérica,P1,29,4.3,,,"Asa Norte Comércio Local Norte 313, BL E - Plano Piloto, Brasília - DF, 70766-550",APROVADO,,Lotérica - permissionário local (exceção da blacklist),,,,PENDENTE - busca reversa nome->CNPJ nao resolvida automaticamente,ChIJPQxIwyU6WpMR_5ukogwAnkc,q313-s0.json,2026-08-10
313,312/313,D' Mulher Confecções,Loja de Roupa,P1,29,4.6,http://instagram.com/dmulher,(61) 3347-3660,"Bloco B - Loja 16, CLN 313 - Asa Norte, Brasília - DF, 70766-520",APROVADO,,,,,,PENDENTE - busca reversa nome->CNPJ nao resolvida automaticamente,ChIJU1VV5SU6WpMR75lIt5mTrbQ,q313-s0.json,2026-08-10
313,312/313,Musa Bsb - Asa Norte,Loja de Roupa,P1,25,4.9,,(61) 3447-7000,"Asa Norte Comércio Local Norte 313 - Asa Norte, Brasília - DF, 70766-540",APROVADO,,,,,,PENDENTE - busca reversa nome->CNPJ nao resolvida automaticamente,ChIJ9cSIwiU6WpMRI1bW5z0SUaY,q313-s0.json,2026-08-10
313,312/313,BELLA DONNA 313 NORTE,Salão de Beleza,P1,23,4.1,,(61) 3340-4456,"Asa Norte Comércio Local Norte 313 - Asa Norte, Brasília - DF, 70766-550",APROVADO,,,,,,PENDENTE - busca reversa nome->CNPJ nao resolvida automaticamente,ChIJ__8v2yU6WpMR89VSBJ2cRSE,q313-s20.json,2026-08-10
313,312/313,Fast Nature - 313 Asa norte,Lanchonete,P2,916,4.3,https://www.instagram.com/fast_nature?igsh=d2M0ank5aGQxcHl5,(61) 99875-4591,"SHCN CLN 313 Lj 10 - Plano Piloto, Brasília - DF, 70766-550",APROVADO,,,,,,PENDENTE - busca reversa nome->CNPJ nao resolvida automaticamente,ChIJzbSRxCU6WpMRmMKbc_4b_lY,q313-s0.json,2026-08-10
313,312/313,Cheirin Bão 313 Norte,Cafeteria,P2,819,4.9,https://unidades.cheirinbao.com.br/?_gl=1%2A80tmcc%2A_gcl_au%2ANjE4MjgxNjE5LjE3ODUyNTgwNjg.,(61) 99524-0632,"Asa Norte Comércio Local Norte 313, BL C - Plano Piloto, Brasília - DF, 70766-530",REPROVADO,Grande franquia/rede: Cheirin Bão (franquia nacional),,,,,PENDENTE - busca reversa nome->CNPJ nao resolvida automaticamente,ChIJORTdUas7WpMRdBprl1QwLok,q313-s0.json,2026-08-10
313,312/313,Ponto do Queijo,Loja de queijos,P2,485,4.5,https://instagram.com/pontodoqueijo313?igshid=ncu3qgmjnemq,(61) 3447-6407,"Área comercial Cln 313 quiosque, SHCN, Brasília - DF, 70766-500",APROVADO,,,,,,PENDENTE - busca reversa nome->CNPJ nao resolvida automaticamente,ChIJJ50h8CU6WpMREzyqCdHIIt4,q313-s0.json,2026-08-10
313,312/313,Crecol Cosméticos Ltda,Loja de cosmético,P2,254,3.9,,(61) 98318-6812,"BL B, Bloco B loja 08 cl CLN QD 313, Lj 08 - Asa Norte, Brasília - DF, 70766-520",APROVADO,,,,,,PENDENTE - busca reversa nome->CNPJ nao resolvida automaticamente,ChIJJ50h8CU6WpMRkc55gUAYIRw,q310-s20.json,2026-08-10
313,312/313,Casa da Síria,Restaurante,P2,195,4.5,https://www.instagram.com/casa.da.siria,(61) 99837-0524,"Asa Norte CLN 313, Bloco D Lj 58 - Asa Norte, Brasília - DF, 70766-540",APROVADO,,,,,,PENDENTE - busca reversa nome->CNPJ nao resolvida automaticamente,ChIJWS-ZbUU7WpMRIPjp0GNsODg,q313-s20.json,2026-08-10
313,312/313,Cãotinho dos Bichos,Pet Shop,P2,152,4.6,https://caotinhodosbichos.com.br/,(61) 3202-1183,"Asa Norte Comércio Local Norte 313, BL D - Asa Norte, Brasília - DF, 70766-100",APROVADO,,,,,,PENDENTE - busca reversa nome->CNPJ nao resolvida automaticamente,ChIJq6p63SU6WpMRjZiSx-HN_Ks,q313-s20.json,2026-08-10
313,312/313,Constance - 313 Norte Brasília,Loja de calçado,P2,144,4.6,http://www.constance.com.br/,(61) 3546-4114,"Quadra, CLN 313 - Asa Norte, Brasília - DF, 70766-550",APROVADO,,,,,,PENDENTE - busca reversa nome->CNPJ nao resolvida automaticamente,ChIJbfLkoDY6WpMRhueiGHUSLrc,q312-s20.json,2026-08-10
313,312/313,Cabelo & Barba 313,Barbearia,P2,102,4.7,https://www.facebook.com/pages/Cabelo-Barba-313-Norte/440546379484689,(61) 3274-1316,"Asa Norte Comércio Local Norte 313, BL D Lj 20 - Térreo - Asa Norte, Brasília - DF, 70766-540",APROVADO,,,,,,PENDENTE - busca reversa nome->CNPJ nao resolvida automaticamente,ChIJ9cSIwiU6WpMRQ3T0BxQGGyE,q313-s0.json,2026-08-10
313,312/313,Ney Camargo Fotografias & Personalizados - Asa Norte,Fotógrafo,P2,86,4.4,,(61) 99902-3966,"Asa Norte CLN 313, bloco D Lj 4 - Asa Norte, Brasília - DF, 70766-540",APROVADO,,,,,,PENDENTE - busca reversa nome->CNPJ nao resolvida automaticamente,ChIJd3bqwiU6WpMRuDnOwAySVsM,q313-s0.json,2026-08-10
313,312/313,Borracharia do Cacau na Asa Norte,Borracharia,P2,82,4.3,,(61) 3034-3416,"SHCN SUPER QUADRA 313 BLOCO A PLL BORRACHARIA, Asa Norte, Brasília - DF, 70766-000",APROVADO,,,,,,PENDENTE - busca reversa nome->CNPJ nao resolvida automaticamente,ChIJ7UupTB87WpMRy6lcXeTA8sM,q313-s20.json,2026-08-10
313,312/313,tok d'festa,Loja de balões,P2,55,3.6,,(61) 3347-6426,"SHCN Comércio Local Norte 313 - Asa Norte, Brasília - DF, 70766-510",APROVADO,,,,,,PENDENTE - busca reversa nome->CNPJ nao resolvida automaticamente,ChIJuby5XKkTWpMRovm1qUFr02E,q313-s20.json,2026-08-10
313,312/313,Magazzino,Loja de acessórios de moda,P3,13,4.7,,(61) 98110-2891,"Asa Norte CLN 313, BL D Lj 54 - Asa Norte, Brasília - DF, 70766-540",APROVADO,,,,,,PENDENTE - busca reversa nome->CNPJ nao resolvida automaticamente,ChIJkQG-3SU6WpMRbiovzShehkA,q313-s0.json,2026-08-10
313,312/313,Rozilda Brechó,Loja de Roupa,P3,11,3.7,,(61) 99402-5926,"Asa Norte Comércio Local Norte 313 Bl A Lj 47 - Plano Piloto, Brasília - DF, 70766-510",APROVADO,,,,,,PENDENTE - busca reversa nome->CNPJ nao resolvida automaticamente,ChIJG1Y9-iU6WpMRwnqfRKwVYqU,q313-s20.json,2026-08-10
313,312/313,Chaveiro 313,Serviço de cópia de chaves,P3,5,5,,(61) 99261-2922,"SHCN CLN 313, BL E - Plano Piloto, Brasília - DF, 70766-100",APROVADO,,,,,,PENDENTE - busca reversa nome->CNPJ nao resolvida automaticamente,ChIJAaGW0CU6WpMRqdvIQZY4aq4,q313-s0.json,2026-08-10
313,312/313,SQN 313 Bloco E,Complexo de condomínio,P3,5,5,,,"SHCN SQN 313 0 - Asa Norte, Brasília - DF, 70766-050",REPROVADO,Nao e empresa (imovel/infraestrutura publica),,,,,PENDENTE - busca reversa nome->CNPJ nao resolvida automaticamente,ChIJmRGpiUI7WpMR2N-sNQ9Qizc,q313-s20.json,2026-08-10
313,312/313,Asa Norte Superquadra Norte 313 BL C,Apartamentos,P3,0,,,,"Asa Norte Superquadra Norte 313 - Asa Norte, Brasília - DF, 70766-030",REPROVADO,Nao e empresa (imovel/infraestrutura publica),,,,,PENDENTE - busca reversa nome->CNPJ nao resolvida automaticamente,ChIJMdy3HAA7WpMRCgFZS8qbIwk,q313-s0.json,2026-08-10
314,314/315,Acqua Lavanderia Express | 314 Norte | 24h,Lavanderia,P1,43,4.9,http://www.acquabrasilia314norte.com.br/,(61) 99887-1763,"SHCN CLN 314, BL D Lj 7 - Asa Norte, Brasília - DF, 70767-540",REPROVADO,Grande franquia/rede: Acqua Express Franchising (franquia - confirmado via CNPJ),,,,,PENDENTE - busca reversa nome->CNPJ nao resolvida automaticamente,ChIJ4Susmvk7WpMRDgSIKOYIv6Q,q314-s0.json,2026-08-10
314,314/315,Studio Elaine Express,Salão de Beleza,P1,39,4.1,,(61) 99103-0222,"SHCN CLN 314, LOJA 15 Lj 15 - Asa Norte, Brasília - DF, 70767-530",APROVADO,,,,,,PENDENTE - busca reversa nome->CNPJ nao resolvida automaticamente,ChIJ99TDxok5WpMR1-QR2FNzQJE,q314-s20.json,2026-08-10
314,314/315,Vison ll Coiffeur,Salão de Beleza,P1,25,4.4,,(61) 3272-4164,"Asa Norte CLN 314 Lj 21 - Asa Norte, Brasília - DF, 70767-530",APROVADO,,,,,,PENDENTE - busca reversa nome->CNPJ nao resolvida automaticamente,ChIJVb5Utok5WpMRxUYaElDKEdE,q314-s20.json,2026-08-10
314,314/315,Posto Petrobras,Posto de combustível,P2,563,3.9,https://www.postospetrobras.com.br/?utm_source=gmb&utm_medium=search,,"Asa Norte Superquadra Norte 314 - Asa Norte, Brasília - DF, 70767-500",APROVADO,,Posto de combustível - revendedor costuma ser dono local,,,,PENDENTE - busca reversa nome->CNPJ nao resolvida automaticamente,ChIJLagUQLU7WpMRWls6pkC80zM,q314-s20.json,2026-08-10
314,314/315,Tchê Inverno - O inverno é nosso!,Loja de Roupa,P2,513,4.7,https://www.tcheinverno.com.br/,(61) 3272-1489,"Asa Norte Comércio Local Norte 314 Lj 09 - Asa Norte, Brasília - DF, 70767-520",APROVADO,,,,,,PENDENTE - busca reversa nome->CNPJ nao resolvida automaticamente,ChIJUy3htIk5WpMRnZfJT-NB0eM,q314-s0.json,2026-08-10
314,314/315,Florart Flores,Floricultura,P2,281,4.2,,(61) 99824-6242,"Asa Norte CLN 314, Norte Bloco E - Asa Norte, Brasília - DF, 70767-550",APROVADO,,,,,,PENDENTE - busca reversa nome->CNPJ nao resolvida automaticamente,ChIJ9-1dlYk5WpMRtx_uMj1q2FI,q312-s20.json,2026-08-10
314,314/315,Papelaria Artilar,Papelaria,P2,230,4.2,http://www.papelariaartilar.com.br/,(61) 99633-2850,"SHCN 314, Bloco E, Lojas 07/09 Térreo, SHCN, Brasília - DF, 70767-550",APROVADO,,,,,,PENDENTE - busca reversa nome->CNPJ nao resolvida automaticamente,ChIJowW8wIk5WpMR0oDizOChJAY,q314-s20.json,2026-08-10
314,314/315,Cleo Ferreira | Salão de Beleza - 314 Asa Norte,Salão de Beleza,P2,113,4.6,https://wa.me/556133478589,(61) 3347-8589,"Asa Norte Comércio Local Norte 314, BL A Lj 51 - Asa Norte, Brasília - DF, 70767-510",APROVADO,,,,,,PENDENTE - busca reversa nome->CNPJ nao resolvida automaticamente,ChIJ____dyc6WpMRXlYoXSzMOmI,q314-s20.json,2026-08-10
314,314/315,Loterica Pé Quente,Casa lotérica,P2,79,4.4,,(61) 3274-1868,"Bloco A Loja 35, Cln 314 - Asa Norte, Brasília - DF, 70767-510",APROVADO,,Lotérica - permissionário local (exceção da blacklist),,,,PENDENTE - busca reversa nome->CNPJ nao resolvida automaticamente,ChIJr9veNYg5WpMRys6FNBX0oBA,q314-s0.json,2026-08-10
314,314/315,Orion Tech Pro,Oficina de reparos de celulares,P2,61,4.9,,(61) 98173-5190,"Asa Norte CLN 314, BL B Lj 05 - Asa Norte, Brasília - DF, 70767-520",APROVADO,,,,,,PENDENTE - busca reversa nome->CNPJ nao resolvida automaticamente,ChIJ1c9ghLc5WpMRzkL65OXUiyw,q314-s0.json,2026-08-10
314,314/315,Brechó Zoe Brasil,Brechó,P3,17,4.2,,(61) 98547-3750,"CLN 314 bloco D loja 61 Galeria/subsolo, SHCN, Brasília - DF, 70767-540",APROVADO,,,,,,PENDENTE - busca reversa nome->CNPJ nao resolvida automaticamente,ChIJNUvbx1M6WpMRkxbiId142N8,q314-s20.json,2026-08-10
314,314/315,Negocios Reais,Consultoria de informática,P3,8,4.1,,(61) 3703-0906,"sala 208, CLN 314 - Plano Piloto, Brasília - DF",APROVADO,,,,,,PENDENTE - busca reversa nome->CNPJ nao resolvida automaticamente,ChIJ0y4sxok5WpMRsLdRbM6iLYM,q314-s20.json,2026-08-10
314,314/315,Mignon,Loja de materiais para escritório,P3,3,2.3,https://mignon-2.ueniweb.com/?utm_campaign=gmb,,"Asa Norte CLN 314 - Plano Piloto, Brasília - DF, 70767-540",APROVADO,,,,,,PENDENTE - busca reversa nome->CNPJ nao resolvida automaticamente,ChIJhZnVwDE5WpMRH1JsjDyxTxM,q314-s20.json,2026-08-10
314,314/315,Chaveiro night and day,Chaveiro(a),P3,2,5,,(61) 99293-9650,"Asa Norte CLN 314 - Asa Norte, Brasília - DF, 70767-550",APROVADO,,,,,,PENDENTE - busca reversa nome->CNPJ nao resolvida automaticamente,ChIJD5xZedo5WpMRVMrTneFfCwE,q314-s20.json,2026-08-10
314,314/315,BL C Lj 15 - Asa Norte,-,P3,0,,,,"Comércio Local Norte 314 Sub Solo, Brasília - DF, 70767-520",REPROVADO,Nao e empresa (imovel/infraestrutura publica),,,,,PENDENTE - busca reversa nome->CNPJ nao resolvida automaticamente,ChIJVVUFsYk5WpMRWEgU9iUnmps,q314-s20.json,2026-08-10
315,314/315,Leda Zulmira - Beleza & Estética,Salão de Beleza,P1,46,4.7,,(61) 3556-9516,"Loja 44 Bloco D - Cln 315, Asa Norte, Brasília - DF, 70774-540",APROVADO,,,,,,PENDENTE - busca reversa nome->CNPJ nao resolvida automaticamente,ChIJm8Lxuok5WpMRZ-nyPs-J8ss,q315-s20.json,2026-08-10
315,314/315,EVS 315 Norte :: Herbalife,Restaurante de comida natural,P1,43,4.8,http://www.facebook.com/franvilmavidal,(61) 98222-6851,"Asa Norte Comércio Local Norte 315 Sl 102 - Asa Norte, Brasília - DF, 70774-550",APROVADO,,"Marca Herbalife, mas operação local independente",,,,PENDENTE - busca reversa nome->CNPJ nao resolvida automaticamente,ChIJMQwDTIg5WpMRP5BBd98889U,q315-s20.json,2026-08-10
315,314/315,Pure Pilates - Brasília - Asa Norte - 315,Estúdio de pilates,P1,35,4.9,https://www.purepilates.com.br/unidades/df/brasilia/asa-norte-315?utm_source=gmb,(61) 99158-1230,"SHCN CLN 315 Lj 48 - Asa Norte, Brasília - DF, 70774-540",REPROVADO,Grande franquia/rede: Pure Pilates (franquia nacional),,,,,PENDENTE - busca reversa nome->CNPJ nao resolvida automaticamente,ChIJvbGW_sE5WpMRDVvJM_CMcDY,q315-s0.json,2026-08-10
315,314/315,Studio Vogue,Salão de Beleza,P1,28,4.7,,(61) 3274-1565,"Loja 30 Bloco C, Cln 315 - Asa Norte, Brasília - DF, 70774-530",APROVADO,,,,,,PENDENTE - busca reversa nome->CNPJ nao resolvida automaticamente,ChIJkdDjs4k5WpMRfjbSTfirPo0,q315-s20.json,2026-08-10
315,314/315,Mais Corpo Pilates,Estúdio de pilates,P1,25,4.8,http://www.maispilatesstudio.com.br/,(61) 99157-2615,"SHCN CLN 315 BL B Lj 11/12 - Asa Norte, Brasília - DF, 70774-520",APROVADO,,,,,,PENDENTE - busca reversa nome->CNPJ nao resolvida automaticamente,ChIJ3dJTsok5WpMRhG3qT22Tcxk,q315-s20.json,2026-08-10
315,314/315,ALECRIM Produtos Naturais,Loja de produtos naturais,P1,22,4.5,https://www.instagram.com/alecrimdf/,(61) 99133-4607,"Asa Norte CLN 315 LOJA 30/34 - Asa Norte, Brasília - DF, 70774-540",APROVADO,,,,,,PENDENTE - busca reversa nome->CNPJ nao resolvida automaticamente,ChIJr5UqzjA5WpMROaJsQmzxR6Q,q315-s0.json,2026-08-10
315,314/315,Podologia Feet & Cia,Podólogo,P1,21,5,https://juanmoura.wixsite.com/podologiafeetecia,(61) 98420-0601,"Asa Norte CLN 315, BL C Lj 48 - Subsolo - Asa Norte, Brasília - DF, 70774-530",APROVADO,,,,,,PENDENTE - busca reversa nome->CNPJ nao resolvida automaticamente,ChIJCzXfVo85WpMRHxAGD-GJ8n4,q315-s0.json,2026-08-10
315,314/315,Chaveiro 315 Norte,Chaveiro(a),P1,20,4.7,,(61) 98166-9819,"Asa Norte CLN 315 BL C - Asa Norte, Brasília - DF, 70774-000",APROVADO,,,,,,PENDENTE - busca reversa nome->CNPJ nao resolvida automaticamente,ChIJyX68O5c5WpMRHUraEDHiy_M,q315-s0.json,2026-08-10
315,314/315,Mercado Malunga,Loja de produtos orgânicos,P2,515,4.4,https://mercadomalunga.com.br/,(61) 99258-4089,"Asa Norte Comércio Local Norte 315 loja 04 - Asa Norte, Brasília - DF, 70774-550",APROVADO,,,,,,PENDENTE - busca reversa nome->CNPJ nao resolvida automaticamente,ChIJEWI0KYk5WpMR-EmK1PpUquM,q315-s0.json,2026-08-10
315,314/315,DROGARIA SÃO PAULO,Drogaria,P2,249,3.4,,(61) 3039-2286,"Asa Norte CLN 315, Bloco B LOJA 12 16 20 30 E 34 - Asa Norte, Brasília - DF, 70774-520",REPROVADO,Grande franquia/rede: Drogaria São Paulo (rede nacional),,,,,PENDENTE - busca reversa nome->CNPJ nao resolvida automaticamente,ChIJDw39tok5WpMR2OVkwIwSork,q315-s0.json,2026-08-10
315,314/315,MM Embalagens,Empresa de embalagens,P2,225,4.3,http://mmembalagensltda.com.br/,(61) 3349-8885,"Asa Norte CLN 315 Lj 04/68 - Asa Norte, Brasília - DF, 70774-500",APROVADO,,,,,,PENDENTE - busca reversa nome->CNPJ nao resolvida automaticamente,ChIJ_SLwuIk5WpMRt5IBvVEJIOM,q315-s0.json,2026-08-10
315,314/315,Dias da Cruz,Farmácia de homeopatia,P2,153,4.3,https://www.diasdacruz.com.br/,(61) 3030-6262,"SHCN CLN 315 Lojas 16/20 - Asa Norte, Brasília - DF, 70774-540",APROVADO,,,,,,PENDENTE - busca reversa nome->CNPJ nao resolvida automaticamente,ChIJAQDQu4k5WpMR5DAGDgVHPBU,q315-s0.json,2026-08-10
315,314/315,MaxForm Suplementos Alimentares 315 Asa Norte,Loja de vitaminas e suplementos,P2,108,4.7,https://www.maxformsuplementos.com.br/,(61) 3443-8817,"Asa Norte CLN 315 Lojas 03 e 04 - Asa Norte, Brasília - DF, 70774-520",APROVADO,,,,,,PENDENTE - busca reversa nome->CNPJ nao resolvida automaticamente,ChIJo-uAtIk5WpMRXzUOwkEqtMc,q315-s0.json,2026-08-10
315,314/315,Luiza Lenzi Bodypiercer,Serviço de colocação de piercing,P2,87,4.9,https://msha.ke/lenzi,(61) 99559-1909,"Asa Norte CLN 315, BL E Sl 111 - Asa Norte, Brasília - DF, 70774-550",APROVADO,,,,,,PENDENTE - busca reversa nome->CNPJ nao resolvida automaticamente,ChIJAQDQu4k5WpMRSrA_jQ8uSB0,q315-s20.json,2026-08-10
315,314/315,Podologia Bem Estar Para os Pés,Podólogo,P3,19,4.1,,(61) 3447-1764,"CLN 315 Bloco B Loja 20 Subloja, Asa Norte, Brasília - DF, 70774-520",APROVADO,,,,,,PENDENTE - busca reversa nome->CNPJ nao resolvida automaticamente,ChIJZymfJLE7WpMRpqazvYRHwGw,q315-s20.json,2026-08-10
315,314/315,Gaiatos Kids,Loja de moda infantil,P3,11,5,https://www.gaiatoskids.com.br/,(61) 99851-5702,"Loja 20, CLN 315 Lj 20 - Asa Norte, Brasília - DF, 70774-550",APROVADO,,,,,,PENDENTE - busca reversa nome->CNPJ nao resolvida automaticamente,ChIJ9VJB3m85WpMRSSCXALjjp_A,q315-s20.json,2026-08-10
315,314/315,Resende Bebidas 315,Distribuidor de bebidas,P3,7,4.9,,(61) 98597-7980,"Asa Norte CLN 315 Lj 50 - Asa Norte, Brasília - DF, 70774-510",APROVADO,,,,,,PENDENTE - busca reversa nome->CNPJ nao resolvida automaticamente,ChIJESuScAA5WpMRRrnrU33k8EU,q315-s20.json,2026-08-10
315,314/315,Karisma Moda Feminina,Loja de moda feminina,P3,3,5,,(61) 3273-1110,"Asa Norte CLN 315 Lj 12 - Asa Norte, Brasília - DF, 70774-540",APROVADO,,,,,,PENDENTE - busca reversa nome->CNPJ nao resolvida automaticamente,ChIJ_SLwuIk5WpMRPxjTc6QnWIQ,q315-s0.json,2026-08-10
315,314/315,Coisas de Diva,Loja de moda feminina,P3,2,5,,(61) 3964-4441,"SHCN CLN 315, BL E loja 104 - Asa Norte, Brasília - DF, 70774-550",APROVADO,,,,,,PENDENTE - busca reversa nome->CNPJ nao resolvida automaticamente,ChIJrUcQlok5WpMRnxEASuxL87w,q315-s0.json,2026-08-10
315,314/315,Lidera Negócios Imobiliários,Imobiliária,P3,2,5,,(61) 3033-5252,"SHCN Comércio Local Norte 315 - Asa Norte, Brasília - DF, 70774-550",APROVADO,,,,,,PENDENTE - busca reversa nome->CNPJ nao resolvida automaticamente,ChIJAQAwTIg5WpMRuG_WyPubjQ8,q315-s20.json,2026-08-10
315,314/315,Drogarias Pacheco,Drogaria,P3,1,5,https://www.drogariaspacheco.com.br/institucional/nossas-lojas,(61) 3039-2286,"quadra cln 315 bloco b 54 lj 12 16 20 30 e 34 - asa norte brasilia / DFCEP:, Brasília - DF, 70774-520",REPROVADO,Grande franquia/rede: Drogarias Pacheco (rede nacional),,,,,PENDENTE - busca reversa nome->CNPJ nao resolvida automaticamente,ChIJsemFi445WpMRCrGSRnXb73c,q315-s0.json,2026-08-10
315,314/315,"CLN 315, Bloco C",Ponto de ônibus,P3,1,5,,,"Asa Norte Comércio Local Norte 315 - Asa Norte, Brasília - DF, 70774-070",REPROVADO,Nao e empresa (imovel/infraestrutura publica),,,,,PENDENTE - busca reversa nome->CNPJ nao resolvida automaticamente,ChIJT0iHtok5WpMRJeCmS8cA8eM,q315-s0.json,2026-08-10
315,314/315,BSB Comércio de Aparelhos Auditivos,Loja de aparelhos auditivos,P3,1,3,,,"SHCN Comércio Local Norte 315 - Asa Norte, Brasília - DF, 70774-550",APROVADO,,,,,,PENDENTE - busca reversa nome->CNPJ nao resolvida automaticamente,ChIJAQAwTIg5WpMRSonFO7oNhwg,q315-s20.json,2026-08-10
315,314/315,Gil Moreira Brasília,Loja de moda feminina,P3,1,4,,(61) 98173-8979,"Asa Norte CLN 315 Sl 207 - Asa Norte, Brasília - DF, 70342-510",APROVADO,,,,,,PENDENTE - busca reversa nome->CNPJ nao resolvida automaticamente,ChIJOVGYzsQ6WpMRLlLdwq8OHKI,q315-s20.json,2026-08-10
